BCCD\JPEGImages\BloodImage_00000.jpg,260,491,177,376,WBC
BCCD\JPEGImages\BloodImage_00000.jpg,78,184,336,435,RBC
BCCD\JPEGImages\BloodImage_00000.jpg,63,169,237,336,RBC
BCCD\JPEGImages\BloodImage_00000.jpg,214,320,362,461,RBC
BCCD\JPEGImages\BloodImage_00000.jpg,414,506,352,445,RBC
BCCD\JPEGImages\BloodImage_00000.jpg,555,640,356,455,RBC
BCCD\JPEGImages\BloodImage_00000.jpg,469,567,412,480,RBC
BCCD\JPEGImages\BloodImage_00000.jpg,1,87,333,437,RBC
BCCD\JPEGImages\BloodImage_00000.jpg,4,95,406,480,RBC
BCCD\JPEGImages\BloodImage_00000.jpg,155,247,74,174,RBC
BCCD\JPEGImages\BloodImage_00000.jpg,11,104,84,162,RBC
BCCD\JPEGImages\BloodImage_00000.jpg,534,639,39,139,RBC
BCCD\JPEGImages\BloodImage_00000.jpg,547,640,195,295,RBC
BCCD\JPEGImages\BloodImage_00000.jpg,388,481,11,111,RBC
BCCD\JPEGImages\BloodImage_00000.jpg,171,264,175,275,RBC
BCCD\JPEGImages\BloodImage_00000.jpg,260,374,1,83,RBC
BCCD\JPEGImages\BloodImage_00000.jpg,229,343,91,174,RBC
BCCD\JPEGImages\BloodImage_00000.jpg,69,184,144,235,RBC
BCCD\JPEGImages\BloodImage_00000.jpg,482,594,131,230,RBC
BCCD\JPEGImages\BloodImage_00000.jpg,368,464,89,176,RBC
BCCD\JPEGImages\BloodImage_00005.jpg,273,386,115,222,RBC
BCCD\JPEGImages\BloodImage_00005.jpg,56,169,103,210,RBC
BCCD\JPEGImages\BloodImage_00005.jpg,414,518,42,170,RBC
BCCD\JPEGImages\BloodImage_00005.jpg,536,640,74,202,RBC
BCCD\JPEGImages\BloodImage_00005.jpg,474,578,193,321,RBC
BCCD\JPEGImages\BloodImage_00005.jpg,466,570,337,465,RBC
BCCD\JPEGImages\BloodImage_00005.jpg,420,524,352,480,RBC
BCCD\JPEGImages\BloodImage_00005.jpg,215,314,174,281,RBC
BCCD\JPEGImages\BloodImage_00005.jpg,380,479,181,288,RBC
BCCD\JPEGImages\BloodImage_00005.jpg,1,99,64,171,RBC
BCCD\JPEGImages\BloodImage_00005.jpg,324,444,1,87,RBC
BCCD\JPEGImages\BloodImage_00005.jpg,162,290,1,70,RBC
BCCD\JPEGImages\BloodImage_00005.jpg,173,260,165,270,RBC
BCCD\JPEGImages\BloodImage_00005.jpg,139,226,191,296,RBC
BCCD\JPEGImages\BloodImage_00005.jpg,103,190,211,316,RBC
BCCD\JPEGImages\BloodImage_00005.jpg,29,116,231,336,RBC
BCCD\JPEGImages\BloodImage_00005.jpg,170,207,65,100,Platelets
BCCD\JPEGImages\BloodImage_00005.jpg,6,43,401,436,Platelets
BCCD\JPEGImages\BloodImage_00005.jpg,124,161,305,340,Platelets
BCCD\JPEGImages\BloodImage_00005.jpg,230,441,288,480,WBC
BCCD\JPEGImages\BloodImage_00005.jpg,151,236,298,423,RBC
BCCD\JPEGImages\BloodImage_00005.jpg,63,174,19,97,RBC
BCCD\JPEGImages\BloodImage_00010.jpg,23,204,229,421,WBC
BCCD\JPEGImages\BloodImage_00010.jpg,239,510,253,470,WBC
BCCD\JPEGImages\BloodImage_00010.jpg,167,269,212,331,RBC
BCCD\JPEGImages\BloodImage_00010.jpg,69,170,138,243,RBC
BCCD\JPEGImages\BloodImage_00010.jpg,43,126,84,171,RBC
BCCD\JPEGImages\BloodImage_00010.jpg,275,358,166,253,RBC
BCCD\JPEGImages\BloodImage_00010.jpg,311,394,179,266,RBC
BCCD\JPEGImages\BloodImage_00010.jpg,267,350,69,156,RBC
BCCD\JPEGImages\BloodImage_00010.jpg,307,390,75,162,RBC
BCCD\JPEGImages\BloodImage_00010.jpg,339,422,80,167,RBC
BCCD\JPEGImages\BloodImage_00010.jpg,456,550,1,68,RBC
BCCD\JPEGImages\BloodImage_00010.jpg,314,429,1,69,RBC
BCCD\JPEGImages\BloodImage_00010.jpg,200,310,1,43,RBC
BCCD\JPEGImages\BloodImage_00010.jpg,16,100,1,79,RBC
BCCD\JPEGImages\BloodImage_00010.jpg,406,538,80,185,RBC
BCCD\JPEGImages\BloodImage_00010.jpg,560,640,236,345,RBC
BCCD\JPEGImages\BloodImage_00010.jpg,571,640,174,260,RBC
BCCD\JPEGImages\BloodImage_00010.jpg,566,640,76,160,RBC
BCCD\JPEGImages\BloodImage_00015.jpg,145,361,4,240,WBC
BCCD\JPEGImages\BloodImage_00015.jpg,353,428,135,232,RBC
BCCD\JPEGImages\BloodImage_00015.jpg,354,448,12,128,RBC
BCCD\JPEGImages\BloodImage_00015.jpg,440,540,78,160,RBC
BCCD\JPEGImages\BloodImage_00015.jpg,537,638,47,144,RBC
BCCD\JPEGImages\BloodImage_00015.jpg,435,538,1,75,RBC
BCCD\JPEGImages\BloodImage_00015.jpg,411,522,359,459,RBC
BCCD\JPEGImages\BloodImage_00015.jpg,266,374,409,480,RBC
BCCD\JPEGImages\BloodImage_00015.jpg,1,134,396,480,RBC
BCCD\JPEGImages\BloodImage_00015.jpg,1,102,272,379,RBC
BCCD\JPEGImages\BloodImage_00015.jpg,62,165,62,169,RBC
BCCD\JPEGImages\BloodImage_00015.jpg,248,351,201,308,RBC
BCCD\JPEGImages\BloodImage_00015.jpg,91,204,300,391,RBC
BCCD\JPEGImages\BloodImage_00015.jpg,564,640,140,240,RBC
BCCD\JPEGImages\BloodImage_00015.jpg,291,337,373,410,Platelets
BCCD\JPEGImages\BloodImage_00015.jpg,373,484,202,302,RBC
BCCD\JPEGImages\BloodImage_00020.jpg,419,478,189,236,Platelets
BCCD\JPEGImages\BloodImage_00020.jpg,352,475,364,447,WBC
BCCD\JPEGImages\BloodImage_00020.jpg,226,333,99,206,RBC
BCCD\JPEGImages\BloodImage_00020.jpg,404,511,25,132,RBC
BCCD\JPEGImages\BloodImage_00020.jpg,511,618,38,145,RBC
BCCD\JPEGImages\BloodImage_00020.jpg,457,564,206,313,RBC
BCCD\JPEGImages\BloodImage_00020.jpg,478,585,370,477,RBC
BCCD\JPEGImages\BloodImage_00020.jpg,287,394,238,345,RBC
BCCD\JPEGImages\BloodImage_00020.jpg,372,406,343,374,Platelets
BCCD\JPEGImages\BloodImage_00020.jpg,40,147,277,384,RBC
BCCD\JPEGImages\BloodImage_00020.jpg,1,79,277,379,RBC
BCCD\JPEGImages\BloodImage_00020.jpg,80,187,166,273,RBC
BCCD\JPEGImages\BloodImage_00020.jpg,143,250,245,352,RBC
BCCD\JPEGImages\BloodImage_00020.jpg,144,251,366,473,RBC
BCCD\JPEGImages\BloodImage_00020.jpg,142,249,364,471,RBC
BCCD\JPEGImages\BloodImage_00020.jpg,109,216,41,148,RBC
BCCD\JPEGImages\BloodImage_00020.jpg,460,567,59,166,RBC
BCCD\JPEGImages\BloodImage_00020.jpg,570,640,256,357,RBC
BCCD\JPEGImages\BloodImage_00020.jpg,61,169,383,480,RBC
BCCD\JPEGImages\BloodImage_00020.jpg,1,106,128,235,RBC
BCCD\JPEGImages\BloodImage_00020.jpg,40,149,1,95,RBC
BCCD\JPEGImages\BloodImage_00020.jpg,165,274,1,95,RBC
BCCD\JPEGImages\BloodImage_00020.jpg,80,115,128,161,Platelets
BCCD\JPEGImages\BloodImage_00026.jpg,387,564,1,102,WBC
BCCD\JPEGImages\BloodImage_00026.jpg,178,287,2,113,RBC
BCCD\JPEGImages\BloodImage_00026.jpg,114,223,154,265,RBC
BCCD\JPEGImages\BloodImage_00026.jpg,102,211,60,171,RBC
BCCD\JPEGImages\BloodImage_00026.jpg,42,151,70,181,RBC
BCCD\JPEGImages\BloodImage_00026.jpg,1,94,112,227,RBC
BCCD\JPEGImages\BloodImage_00026.jpg,2,113,171,287,RBC
BCCD\JPEGImages\BloodImage_00026.jpg,424,535,270,386,RBC
BCCD\JPEGImages\BloodImage_00026.jpg,173,282,362,460,RBC
BCCD\JPEGImages\BloodImage_00026.jpg,86,195,358,456,RBC
BCCD\JPEGImages\BloodImage_00026.jpg,253,350,151,245,RBC
BCCD\JPEGImages\BloodImage_00026.jpg,497,608,196,294,RBC
BCCD\JPEGImages\BloodImage_00026.jpg,317,426,351,471,RBC
BCCD\JPEGImages\BloodImage_00026.jpg,202,329,280,394,RBC
BCCD\JPEGImages\BloodImage_00026.jpg,295,422,202,316,RBC
BCCD\JPEGImages\BloodImage_00026.jpg,436,574,94,210,RBC
BCCD\JPEGImages\BloodImage_00026.jpg,294,407,78,194,RBC
BCCD\JPEGImages\BloodImage_00026.jpg,146,186,269,304,Platelets
BCCD\JPEGImages\BloodImage_00026.jpg,282,322,425,460,Platelets
BCCD\JPEGImages\BloodImage_00032.jpg,158,285,77,198,WBC
BCCD\JPEGImages\BloodImage_00032.jpg,233,343,274,379,RBC
BCCD\JPEGImages\BloodImage_00032.jpg,288,398,66,171,RBC
BCCD\JPEGImages\BloodImage_00032.jpg,356,446,251,345,RBC
BCCD\JPEGImages\BloodImage_00032.jpg,455,545,295,389,RBC
BCCD\JPEGImages\BloodImage_00032.jpg,419,509,312,406,RBC
BCCD\JPEGImages\BloodImage_00032.jpg,332,457,365,474,RBC
BCCD\JPEGImages\BloodImage_00032.jpg,199,297,221,309,RBC
BCCD\JPEGImages\BloodImage_00032.jpg,86,215,323,437,RBC
BCCD\JPEGImages\BloodImage_00032.jpg,50,160,1,92,RBC
BCCD\JPEGImages\BloodImage_00032.jpg,174,273,16,96,RBC
BCCD\JPEGImages\BloodImage_00032.jpg,406,517,1,89,RBC
BCCD\JPEGImages\BloodImage_00032.jpg,517,628,136,225,RBC
BCCD\JPEGImages\BloodImage_00032.jpg,521,632,197,286,RBC
BCCD\JPEGImages\BloodImage_00032.jpg,546,640,248,345,RBC
BCCD\JPEGImages\BloodImage_00032.jpg,464,558,101,198,RBC
BCCD\JPEGImages\BloodImage_00032.jpg,411,505,65,162,RBC
BCCD\JPEGImages\BloodImage_00032.jpg,421,515,134,231,RBC
BCCD\JPEGImages\BloodImage_00032.jpg,416,520,158,258,RBC
BCCD\JPEGImages\BloodImage_00032.jpg,391,495,160,260,RBC
BCCD\JPEGImages\BloodImage_00032.jpg,350,454,182,282,RBC
BCCD\JPEGImages\BloodImage_00032.jpg,50,172,238,342,RBC
BCCD\JPEGImages\BloodImage_00032.jpg,454,580,408,480,RBC
BCCD\JPEGImages\BloodImage_00032.jpg,1,89,366,480,RBC
BCCD\JPEGImages\BloodImage_00032.jpg,102,140,105,151,Platelets
BCCD\JPEGImages\BloodImage_00037.jpg,421,541,302,420,WBC
BCCD\JPEGImages\BloodImage_00037.jpg,187,291,107,225,RBC
BCCD\JPEGImages\BloodImage_00037.jpg,272,375,89,180,RBC
BCCD\JPEGImages\BloodImage_00037.jpg,251,354,175,266,RBC
BCCD\JPEGImages\BloodImage_00037.jpg,268,371,199,290,RBC
BCCD\JPEGImages\BloodImage_00037.jpg,529,636,130,252,RBC
BCCD\JPEGImages\BloodImage_00037.jpg,553,640,191,296,RBC
BCCD\JPEGImages\BloodImage_00037.jpg,479,566,215,320,RBC
BCCD\JPEGImages\BloodImage_00037.jpg,448,535,186,291,RBC
BCCD\JPEGImages\BloodImage_00037.jpg,410,497,177,282,RBC
BCCD\JPEGImages\BloodImage_00037.jpg,362,449,156,261,RBC
BCCD\JPEGImages\BloodImage_00037.jpg,520,607,33,138,RBC
BCCD\JPEGImages\BloodImage_00037.jpg,479,566,26,131,RBC
BCCD\JPEGImages\BloodImage_00037.jpg,389,476,15,120,RBC
BCCD\JPEGImages\BloodImage_00037.jpg,96,183,382,471,RBC
BCCD\JPEGImages\BloodImage_00037.jpg,14,101,320,409,RBC
BCCD\JPEGImages\BloodImage_00037.jpg,17,104,76,165,RBC
BCCD\JPEGImages\BloodImage_00037.jpg,14,115,136,238,RBC
BCCD\JPEGImages\BloodImage_00037.jpg,37,138,171,273,RBC
BCCD\JPEGImages\BloodImage_00037.jpg,48,147,5,81,RBC
BCCD\JPEGImages\BloodImage_00037.jpg,113,212,13,89,RBC
BCCD\JPEGImages\BloodImage_00037.jpg,126,225,31,107,RBC
BCCD\JPEGImages\BloodImage_00037.jpg,543,640,335,440,RBC
BCCD\JPEGImages\BloodImage_00037.jpg,331,424,436,480,RBC
BCCD\JPEGImages\BloodImage_00037.jpg,179,292,305,411,RBC
BCCD\JPEGImages\BloodImage_00037.jpg,145,258,241,347,RBC
BCCD\JPEGImages\BloodImage_00037.jpg,95,208,224,330,RBC
BCCD\JPEGImages\BloodImage_00037.jpg,132,174,111,157,Platelets
BCCD\JPEGImages\BloodImage_00037.jpg,364,397,63,101,Platelets
BCCD\JPEGImages\BloodImage_00037.jpg,1,102,248,347,RBC
BCCD\JPEGImages\BloodImage_00042.jpg,116,278,192,319,WBC
BCCD\JPEGImages\BloodImage_00042.jpg,65,151,42,172,RBC
BCCD\JPEGImages\BloodImage_00042.jpg,236,330,281,377,RBC
BCCD\JPEGImages\BloodImage_00042.jpg,355,449,316,412,RBC
BCCD\JPEGImages\BloodImage_00042.jpg,545,639,187,313,RBC
BCCD\JPEGImages\BloodImage_00042.jpg,545,640,81,207,RBC
BCCD\JPEGImages\BloodImage_00042.jpg,562,640,1,101,RBC
BCCD\JPEGImages\BloodImage_00042.jpg,151,260,1,84,RBC
BCCD\JPEGImages\BloodImage_00042.jpg,248,396,1,77,RBC
BCCD\JPEGImages\BloodImage_00042.jpg,303,412,149,233,RBC
BCCD\JPEGImages\BloodImage_00042.jpg,95,260,377,476,RBC
BCCD\JPEGImages\BloodImage_00042.jpg,401,451,179,215,Platelets
BCCD\JPEGImages\BloodImage_00042.jpg,1,30,282,321,Platelets
BCCD\JPEGImages\BloodImage_00042.jpg,442,553,222,350,RBC
BCCD\JPEGImages\BloodImage_00042.jpg,411,505,346,442,RBC
BCCD\JPEGImages\BloodImage_00042.jpg,463,563,384,480,RBC
BCCD\JPEGImages\BloodImage_00047.jpg,278,383,147,259,WBC
BCCD\JPEGImages\BloodImage_00047.jpg,207,240,214,242,Platelets
BCCD\JPEGImages\BloodImage_00047.jpg,258,291,263,291,Platelets
BCCD\JPEGImages\BloodImage_00047.jpg,12,40,277,311,Platelets
BCCD\JPEGImages\BloodImage_00047.jpg,32,163,102,230,RBC
BCCD\JPEGImages\BloodImage_00047.jpg,19,114,1,90,RBC
BCCD\JPEGImages\BloodImage_00047.jpg,1,95,25,115,RBC
BCCD\JPEGImages\BloodImage_00047.jpg,110,226,25,117,RBC
BCCD\JPEGImages\BloodImage_00047.jpg,199,314,1,92,RBC
BCCD\JPEGImages\BloodImage_00047.jpg,377,485,273,373,RBC
BCCD\JPEGImages\BloodImage_00047.jpg,416,506,379,480,RBC
BCCD\JPEGImages\BloodImage_00047.jpg,269,359,379,480,RBC
BCCD\JPEGImages\BloodImage_00047.jpg,392,494,177,276,RBC
BCCD\JPEGImages\BloodImage_00047.jpg,478,560,47,136,RBC
BCCD\JPEGImages\BloodImage_00047.jpg,552,640,1,96,RBC
BCCD\JPEGImages\BloodImage_00047.jpg,290,394,268,375,RBC
BCCD\JPEGImages\BloodImage_00047.jpg,232,336,298,405,RBC
BCCD\JPEGImages\BloodImage_00047.jpg,139,248,318,419,RBC
BCCD\JPEGImages\BloodImage_00047.jpg,296,392,51,142,RBC
BCCD\JPEGImages\BloodImage_00047.jpg,371,467,75,166,RBC
BCCD\JPEGImages\BloodImage_00047.jpg,439,546,1,45,RBC
BCCD\JPEGImages\BloodImage_00053.jpg,259,370,317,429,RBC
BCCD\JPEGImages\BloodImage_00053.jpg,95,234,343,454,RBC
BCCD\JPEGImages\BloodImage_00053.jpg,259,373,57,150,RBC
BCCD\JPEGImages\BloodImage_00053.jpg,559,640,1,87,RBC
BCCD\JPEGImages\BloodImage_00053.jpg,433,541,1,115,RBC
BCCD\JPEGImages\BloodImage_00053.jpg,553,640,115,250,RBC
BCCD\JPEGImages\BloodImage_00053.jpg,446,533,269,404,RBC
BCCD\JPEGImages\BloodImage_00053.jpg,392,479,125,260,RBC
BCCD\JPEGImages\BloodImage_00053.jpg,1,119,72,200,RBC
BCCD\JPEGImages\BloodImage_00053.jpg,529,640,278,390,RBC
BCCD\JPEGImages\BloodImage_00053.jpg,106,242,12,143,WBC
BCCD\JPEGImages\BloodImage_00053.jpg,316,362,140,180,Platelets
BCCD\JPEGImages\BloodImage_00053.jpg,354,400,215,255,Platelets
BCCD\JPEGImages\BloodImage_00053.jpg,70,181,221,333,RBC
BCCD\JPEGImages\BloodImage_00058.jpg,201,314,223,322,RBC
BCCD\JPEGImages\BloodImage_00058.jpg,1,89,252,357,RBC
BCCD\JPEGImages\BloodImage_00058.jpg,203,292,336,441,RBC
BCCD\JPEGImages\BloodImage_00058.jpg,507,624,293,422,RBC
BCCD\JPEGImages\BloodImage_00058.jpg,464,577,76,175,RBC
BCCD\JPEGImages\BloodImage_00058.jpg,6,141,33,169,RBC
BCCD\JPEGImages\BloodImage_00058.jpg,106,188,229,325,RBC
BCCD\JPEGImages\BloodImage_00058.jpg,196,289,146,221,RBC
BCCD\JPEGImages\BloodImage_00058.jpg,211,338,4,132,WBC
BCCD\JPEGImages\BloodImage_00058.jpg,330,373,442,480,Platelets
BCCD\JPEGImages\BloodImage_00065.jpg,166,266,180,287,RBC
BCCD\JPEGImages\BloodImage_00065.jpg,33,133,127,234,RBC
BCCD\JPEGImages\BloodImage_00065.jpg,557,640,150,272,RBC
BCCD\JPEGImages\BloodImage_00065.jpg,244,337,17,107,RBC
BCCD\JPEGImages\BloodImage_00065.jpg,17,111,1,68,RBC
BCCD\JPEGImages\BloodImage_00065.jpg,253,387,275,392,WBC
BCCD\JPEGImages\BloodImage_00065.jpg,404,538,107,224,WBC
BCCD\JPEGImages\BloodImage_00065.jpg,495,534,298,335,Platelets
BCCD\JPEGImages\BloodImage_00070.jpg,119,233,394,479,RBC
BCCD\JPEGImages\BloodImage_00070.jpg,187,301,1,85,RBC
BCCD\JPEGImages\BloodImage_00070.jpg,501,607,230,326,RBC
BCCD\JPEGImages\BloodImage_00070.jpg,520,626,384,480,RBC
BCCD\JPEGImages\BloodImage_00070.jpg,299,414,175,281,RBC
BCCD\JPEGImages\BloodImage_00070.jpg,96,211,21,127,RBC
BCCD\JPEGImages\BloodImage_00070.jpg,45,160,119,225,RBC
BCCD\JPEGImages\BloodImage_00070.jpg,47,155,263,386,RBC
BCCD\JPEGImages\BloodImage_00070.jpg,534,640,295,390,RBC
BCCD\JPEGImages\BloodImage_00070.jpg,429,535,140,235,RBC
BCCD\JPEGImages\BloodImage_00070.jpg,167,296,83,206,WBC
BCCD\JPEGImages\BloodImage_00070.jpg,375,471,348,439,WBC
BCCD\JPEGImages\BloodImage_00075.jpg,251,353,167,275,RBC
BCCD\JPEGImages\BloodImage_00075.jpg,345,447,221,329,RBC
BCCD\JPEGImages\BloodImage_00075.jpg,251,353,252,360,RBC
BCCD\JPEGImages\BloodImage_00075.jpg,148,250,160,268,RBC
BCCD\JPEGImages\BloodImage_00075.jpg,437,556,363,480,RBC
BCCD\JPEGImages\BloodImage_00075.jpg,509,613,242,344,RBC
BCCD\JPEGImages\BloodImage_00075.jpg,544,640,1,79,RBC
BCCD\JPEGImages\BloodImage_00075.jpg,29,131,167,275,RBC
BCCD\JPEGImages\BloodImage_00075.jpg,457,545,246,349,RBC
BCCD\JPEGImages\BloodImage_00075.jpg,1,74,1,131,RBC
BCCD\JPEGImages\BloodImage_00075.jpg,166,325,6,114,WBC
BCCD\JPEGImages\BloodImage_00081.jpg,346,456,196,279,RBC
BCCD\JPEGImages\BloodImage_00081.jpg,243,353,266,349,RBC
BCCD\JPEGImages\BloodImage_00081.jpg,239,343,174,270,RBC
BCCD\JPEGImages\BloodImage_00081.jpg,232,336,1,88,RBC
BCCD\JPEGImages\BloodImage_00081.jpg,104,211,1,106,RBC
BCCD\JPEGImages\BloodImage_00081.jpg,299,415,60,162,RBC
BCCD\JPEGImages\BloodImage_00081.jpg,499,613,28,127,RBC
BCCD\JPEGImages\BloodImage_00081.jpg,7,111,287,383,RBC
BCCD\JPEGImages\BloodImage_00081.jpg,210,314,367,463,RBC
BCCD\JPEGImages\BloodImage_00081.jpg,493,597,98,194,RBC
BCCD\JPEGImages\BloodImage_00081.jpg,444,512,1,67,RBC
BCCD\JPEGImages\BloodImage_00081.jpg,14,95,405,480,RBC
BCCD\JPEGImages\BloodImage_00081.jpg,149,235,279,361,RBC
BCCD\JPEGImages\BloodImage_00081.jpg,137,211,382,459,RBC
BCCD\JPEGImages\BloodImage_00081.jpg,301,451,346,462,WBC
BCCD\JPEGImages\BloodImage_00081.jpg,358,401,300,345,Platelets
BCCD\JPEGImages\BloodImage_00081.jpg,249,292,87,132,Platelets
BCCD\JPEGImages\BloodImage_00088.jpg,413,537,202,317,RBC
BCCD\JPEGImages\BloodImage_00088.jpg,227,338,372,457,RBC
BCCD\JPEGImages\BloodImage_00088.jpg,34,145,2,100,RBC
BCCD\JPEGImages\BloodImage_00088.jpg,122,233,236,334,RBC
BCCD\JPEGImages\BloodImage_00088.jpg,367,478,123,221,RBC
BCCD\JPEGImages\BloodImage_00088.jpg,1,108,139,249,RBC
BCCD\JPEGImages\BloodImage_00088.jpg,245,356,123,221,RBC
BCCD\JPEGImages\BloodImage_00088.jpg,526,637,56,154,RBC
BCCD\JPEGImages\BloodImage_00088.jpg,419,514,1,78,RBC
BCCD\JPEGImages\BloodImage_00088.jpg,1,92,300,393,RBC
BCCD\JPEGImages\BloodImage_00088.jpg,254,381,225,370,WBC
BCCD\JPEGImages\BloodImage_00088.jpg,61,88,387,415,Platelets
BCCD\JPEGImages\BloodImage_00088.jpg,77,103,432,472,Platelets
BCCD\JPEGImages\BloodImage_00093.jpg,452,587,200,308,RBC
BCCD\JPEGImages\BloodImage_00093.jpg,357,465,319,420,RBC
BCCD\JPEGImages\BloodImage_00093.jpg,295,403,379,480,RBC
BCCD\JPEGImages\BloodImage_00093.jpg,108,216,222,323,RBC
BCCD\JPEGImages\BloodImage_00093.jpg,197,305,379,480,RBC
BCCD\JPEGImages\BloodImage_00093.jpg,440,548,24,125,RBC
BCCD\JPEGImages\BloodImage_00093.jpg,362,470,1,100,RBC
BCCD\JPEGImages\BloodImage_00093.jpg,575,640,269,366,RBC
BCCD\JPEGImages\BloodImage_00093.jpg,290,355,113,210,RBC
BCCD\JPEGImages\BloodImage_00093.jpg,226,331,293,382,RBC
BCCD\JPEGImages\BloodImage_00093.jpg,1,107,357,473,RBC
BCCD\JPEGImages\BloodImage_00093.jpg,479,519,290,326,Platelets
BCCD\JPEGImages\BloodImage_00093.jpg,9,137,1,103,WBC
BCCD\JPEGImages\BloodImage_00099.jpg,381,475,191,287,RBC
BCCD\JPEGImages\BloodImage_00099.jpg,144,255,150,249,RBC
BCCD\JPEGImages\BloodImage_00099.jpg,115,226,214,332,RBC
BCCD\JPEGImages\BloodImage_00099.jpg,410,521,244,362,RBC
BCCD\JPEGImages\BloodImage_00099.jpg,508,601,128,239,RBC
BCCD\JPEGImages\BloodImage_00099.jpg,433,534,12,121,RBC
BCCD\JPEGImages\BloodImage_00099.jpg,539,640,359,468,RBC
BCCD\JPEGImages\BloodImage_00099.jpg,545,640,263,357,RBC
BCCD\JPEGImages\BloodImage_00099.jpg,52,147,330,424,RBC
BCCD\JPEGImages\BloodImage_00099.jpg,291,408,22,112,RBC
BCCD\JPEGImages\BloodImage_00099.jpg,225,343,361,460,RBC
BCCD\JPEGImages\BloodImage_00099.jpg,384,502,401,480,RBC
BCCD\JPEGImages\BloodImage_00099.jpg,27,140,1,67,RBC
BCCD\JPEGImages\BloodImage_00099.jpg,536,640,1,77,RBC
BCCD\JPEGImages\BloodImage_00099.jpg,137,232,338,448,RBC
BCCD\JPEGImages\BloodImage_00099.jpg,224,384,229,345,WBC
BCCD\JPEGImages\BloodImage_00099.jpg,336,368,156,184,Platelets
BCCD\JPEGImages\BloodImage_00099.jpg,385,418,66,97,Platelets
BCCD\JPEGImages\BloodImage_00106.jpg,82,214,1,79,RBC
BCCD\JPEGImages\BloodImage_00106.jpg,316,404,130,238,RBC
BCCD\JPEGImages\BloodImage_00106.jpg,281,372,246,339,RBC
BCCD\JPEGImages\BloodImage_00106.jpg,395,486,4,96,RBC
BCCD\JPEGImages\BloodImage_00106.jpg,409,505,356,448,RBC
BCCD\JPEGImages\BloodImage_00106.jpg,559,640,160,253,RBC
BCCD\JPEGImages\BloodImage_00106.jpg,524,605,26,119,RBC
BCCD\JPEGImages\BloodImage_00106.jpg,490,580,395,477,RBC
BCCD\JPEGImages\BloodImage_00106.jpg,46,134,295,408,RBC
BCCD\JPEGImages\BloodImage_00106.jpg,95,190,99,202,RBC
BCCD\JPEGImages\BloodImage_00106.jpg,185,276,86,171,RBC
BCCD\JPEGImages\BloodImage_00106.jpg,98,211,196,299,RBC
BCCD\JPEGImages\BloodImage_00106.jpg,187,272,267,360,RBC
BCCD\JPEGImages\BloodImage_00106.jpg,210,301,321,411,RBC
BCCD\JPEGImages\BloodImage_00106.jpg,131,238,346,446,RBC
BCCD\JPEGImages\BloodImage_00106.jpg,374,549,181,334,WBC
BCCD\JPEGImages\BloodImage_00106.jpg,249,288,406,447,Platelets
BCCD\JPEGImages\BloodImage_00111.jpg,458,571,198,296,RBC
BCCD\JPEGImages\BloodImage_00111.jpg,405,518,240,338,RBC
BCCD\JPEGImages\BloodImage_00111.jpg,365,478,40,138,RBC
BCCD\JPEGImages\BloodImage_00111.jpg,512,630,75,188,RBC
BCCD\JPEGImages\BloodImage_00111.jpg,468,570,71,175,RBC
BCCD\JPEGImages\BloodImage_00111.jpg,175,288,169,267,RBC
BCCD\JPEGImages\BloodImage_00111.jpg,278,391,358,456,RBC
BCCD\JPEGImages\BloodImage_00111.jpg,527,640,306,404,RBC
BCCD\JPEGImages\BloodImage_00111.jpg,229,342,31,129,RBC
BCCD\JPEGImages\BloodImage_00111.jpg,23,136,44,142,RBC
BCCD\JPEGImages\BloodImage_00111.jpg,21,134,310,408,RBC
BCCD\JPEGImages\BloodImage_00111.jpg,121,234,280,378,RBC
BCCD\JPEGImages\BloodImage_00111.jpg,60,143,382,480,RBC
BCCD\JPEGImages\BloodImage_00111.jpg,50,194,134,254,RBC
BCCD\JPEGImages\BloodImage_00111.jpg,399,495,405,480,RBC
BCCD\JPEGImages\BloodImage_00111.jpg,142,258,378,480,WBC
BCCD\JPEGImages\BloodImage_00111.jpg,360,395,85,115,Platelets
BCCD\JPEGImages\BloodImage_00117.jpg,507,609,63,180,RBC
BCCD\JPEGImages\BloodImage_00117.jpg,426,528,383,480,RBC
BCCD\JPEGImages\BloodImage_00117.jpg,186,290,54,174,RBC
BCCD\JPEGImages\BloodImage_00117.jpg,108,228,1,104,RBC
BCCD\JPEGImages\BloodImage_00117.jpg,1,114,1,96,RBC
BCCD\JPEGImages\BloodImage_00117.jpg,314,428,5,101,RBC
BCCD\JPEGImages\BloodImage_00117.jpg,61,165,261,359,RBC
BCCD\JPEGImages\BloodImage_00117.jpg,98,192,393,480,RBC
BCCD\JPEGImages\BloodImage_00117.jpg,524,574,357,398,Platelets
BCCD\JPEGImages\BloodImage_00117.jpg,209,242,310,347,Platelets
BCCD\JPEGImages\BloodImage_00117.jpg,242,466,87,301,WBC
BCCD\JPEGImages\BloodImage_00117.jpg,287,396,383,480,RBC
BCCD\JPEGImages\BloodImage_00117.jpg,517,620,405,474,RBC
BCCD\JPEGImages\BloodImage_00126.jpg,307,409,235,328,RBC
BCCD\JPEGImages\BloodImage_00126.jpg,330,442,133,227,RBC
BCCD\JPEGImages\BloodImage_00126.jpg,192,302,150,260,RBC
BCCD\JPEGImages\BloodImage_00126.jpg,254,366,1,93,RBC
BCCD\JPEGImages\BloodImage_00126.jpg,52,140,16,112,RBC
BCCD\JPEGImages\BloodImage_00126.jpg,27,136,253,344,RBC
BCCD\JPEGImages\BloodImage_00126.jpg,334,443,58,149,RBC
BCCD\JPEGImages\BloodImage_00126.jpg,252,359,317,418,RBC
BCCD\JPEGImages\BloodImage_00126.jpg,200,293,266,391,RBC
BCCD\JPEGImages\BloodImage_00126.jpg,477,590,165,238,RBC
BCCD\JPEGImages\BloodImage_00126.jpg,444,550,129,204,RBC
BCCD\JPEGImages\BloodImage_00126.jpg,400,547,370,480,WBC
BCCD\JPEGImages\BloodImage_00134.jpg,250,405,196,337,WBC
BCCD\JPEGImages\BloodImage_00134.jpg,5,38,455,480,Platelets
BCCD\JPEGImages\BloodImage_00134.jpg,596,640,259,307,Platelets
BCCD\JPEGImages\BloodImage_00140.jpg,337,469,260,386,RBC
BCCD\JPEGImages\BloodImage_00140.jpg,489,615,259,362,RBC
BCCD\JPEGImages\BloodImage_00140.jpg,65,219,343,476,RBC
BCCD\JPEGImages\BloodImage_00140.jpg,540,640,74,171,RBC
BCCD\JPEGImages\BloodImage_00140.jpg,48,153,216,315,RBC
BCCD\JPEGImages\BloodImage_00140.jpg,405,550,329,423,RBC
BCCD\JPEGImages\BloodImage_00140.jpg,239,375,100,242,WBC
BCCD\JPEGImages\BloodImage_00140.jpg,483,583,100,197,RBC
BCCD\JPEGImages\BloodImage_00140.jpg,441,542,79,176,RBC
BCCD\JPEGImages\BloodImage_00145.jpg,239,342,265,357,RBC
BCCD\JPEGImages\BloodImage_00145.jpg,168,271,1,92,RBC
BCCD\JPEGImages\BloodImage_00145.jpg,375,479,102,211,RBC
BCCD\JPEGImages\BloodImage_00145.jpg,498,621,114,236,RBC
BCCD\JPEGImages\BloodImage_00145.jpg,197,309,92,193,RBC
BCCD\JPEGImages\BloodImage_00145.jpg,3,112,76,175,RBC
BCCD\JPEGImages\BloodImage_00145.jpg,356,457,210,324,RBC
BCCD\JPEGImages\BloodImage_00145.jpg,78,192,163,287,RBC
BCCD\JPEGImages\BloodImage_00145.jpg,468,583,317,435,RBC
BCCD\JPEGImages\BloodImage_00145.jpg,106,209,388,480,RBC
BCCD\JPEGImages\BloodImage_00145.jpg,146,200,325,368,Platelets
BCCD\JPEGImages\BloodImage_00145.jpg,217,260,247,290,Platelets
BCCD\JPEGImages\BloodImage_00145.jpg,340,385,300,346,Platelets
BCCD\JPEGImages\BloodImage_00145.jpg,300,459,353,480,WBC
BCCD\JPEGImages\BloodImage_00152.jpg,128,281,31,172,WBC
BCCD\JPEGImages\BloodImage_00159.jpg,239,331,6,103,RBC
BCCD\JPEGImages\BloodImage_00159.jpg,487,620,20,137,RBC
BCCD\JPEGImages\BloodImage_00159.jpg,418,524,171,282,RBC
BCCD\JPEGImages\BloodImage_00159.jpg,487,598,253,363,RBC
BCCD\JPEGImages\BloodImage_00159.jpg,274,384,382,480,RBC
BCCD\JPEGImages\BloodImage_00159.jpg,192,236,36,79,Platelets
BCCD\JPEGImages\BloodImage_00159.jpg,149,191,78,117,Platelets
BCCD\JPEGImages\BloodImage_00159.jpg,544,600,213,267,Platelets
BCCD\JPEGImages\BloodImage_00159.jpg,168,338,122,287,WBC
BCCD\JPEGImages\BloodImage_00164.jpg,169,300,179,317,RBC
BCCD\JPEGImages\BloodImage_00164.jpg,423,520,336,453,RBC
BCCD\JPEGImages\BloodImage_00164.jpg,532,629,358,475,RBC
BCCD\JPEGImages\BloodImage_00164.jpg,353,448,39,135,RBC
BCCD\JPEGImages\BloodImage_00164.jpg,345,451,124,245,RBC
BCCD\JPEGImages\BloodImage_00164.jpg,309,415,233,354,RBC
BCCD\JPEGImages\BloodImage_00164.jpg,532,639,151,268,RBC
BCCD\JPEGImages\BloodImage_00164.jpg,455,593,69,184,RBC
BCCD\JPEGImages\BloodImage_00164.jpg,4,136,188,316,RBC
BCCD\JPEGImages\BloodImage_00164.jpg,102,220,77,196,RBC
BCCD\JPEGImages\BloodImage_00164.jpg,124,335,300,480,WBC
BCCD\JPEGImages\BloodImage_00164.jpg,589,626,134,167,Platelets
BCCD\JPEGImages\BloodImage_00169.jpg,76,180,319,422,RBC
BCCD\JPEGImages\BloodImage_00169.jpg,137,246,259,369,RBC
BCCD\JPEGImages\BloodImage_00169.jpg,237,354,297,406,RBC
BCCD\JPEGImages\BloodImage_00169.jpg,236,353,383,480,RBC
BCCD\JPEGImages\BloodImage_00169.jpg,361,480,341,452,RBC
BCCD\JPEGImages\BloodImage_00169.jpg,455,574,178,289,RBC
BCCD\JPEGImages\BloodImage_00169.jpg,330,457,222,341,RBC
BCCD\JPEGImages\BloodImage_00169.jpg,25,136,182,285,RBC
BCCD\JPEGImages\BloodImage_00169.jpg,43,155,81,180,RBC
BCCD\JPEGImages\BloodImage_00169.jpg,71,179,1,82,RBC
BCCD\JPEGImages\BloodImage_00169.jpg,415,507,96,187,RBC
BCCD\JPEGImages\BloodImage_00169.jpg,477,569,87,178,RBC
BCCD\JPEGImages\BloodImage_00169.jpg,548,640,1,91,RBC
BCCD\JPEGImages\BloodImage_00169.jpg,453,546,1,87,RBC
BCCD\JPEGImages\BloodImage_00169.jpg,533,640,327,440,RBC
BCCD\JPEGImages\BloodImage_00169.jpg,430,557,288,408,RBC
BCCD\JPEGImages\BloodImage_00169.jpg,143,400,11,196,WBC
BCCD\JPEGImages\BloodImage_00175.jpg,19,129,2,114,RBC
BCCD\JPEGImages\BloodImage_00175.jpg,1,99,176,293,RBC
BCCD\JPEGImages\BloodImage_00175.jpg,187,283,56,152,RBC
BCCD\JPEGImages\BloodImage_00175.jpg,298,418,182,275,RBC
BCCD\JPEGImages\BloodImage_00175.jpg,396,516,249,342,RBC
BCCD\JPEGImages\BloodImage_00175.jpg,520,640,9,102,RBC
BCCD\JPEGImages\BloodImage_00175.jpg,29,149,305,398,RBC
BCCD\JPEGImages\BloodImage_00175.jpg,520,640,107,221,RBC
BCCD\JPEGImages\BloodImage_00175.jpg,110,196,172,260,RBC
BCCD\JPEGImages\BloodImage_00175.jpg,211,422,248,479,WBC
BCCD\JPEGImages\BloodImage_00180.jpg,38,149,197,320,RBC
BCCD\JPEGImages\BloodImage_00180.jpg,31,143,73,174,RBC
BCCD\JPEGImages\BloodImage_00180.jpg,108,202,45,141,RBC
BCCD\JPEGImages\BloodImage_00180.jpg,378,472,136,232,RBC
BCCD\JPEGImages\BloodImage_00180.jpg,166,282,290,379,RBC
BCCD\JPEGImages\BloodImage_00180.jpg,42,158,391,480,RBC
BCCD\JPEGImages\BloodImage_00180.jpg,524,640,62,158,RBC
BCCD\JPEGImages\BloodImage_00180.jpg,243,373,203,319,RBC
BCCD\JPEGImages\BloodImage_00180.jpg,306,411,341,447,RBC
BCCD\JPEGImages\BloodImage_00180.jpg,516,633,158,263,RBC
BCCD\JPEGImages\BloodImage_00180.jpg,173,387,1,131,WBC
BCCD\JPEGImages\BloodImage_00189.jpg,385,502,66,191,RBC
BCCD\JPEGImages\BloodImage_00189.jpg,261,367,73,157,RBC
BCCD\JPEGImages\BloodImage_00189.jpg,483,587,156,303,RBC
BCCD\JPEGImages\BloodImage_00189.jpg,380,480,269,372,RBC
BCCD\JPEGImages\BloodImage_00189.jpg,80,192,1,81,RBC
BCCD\JPEGImages\BloodImage_00189.jpg,447,522,410,480,RBC
BCCD\JPEGImages\BloodImage_00189.jpg,203,334,350,456,RBC
BCCD\JPEGImages\BloodImage_00189.jpg,318,406,338,433,RBC
BCCD\JPEGImages\BloodImage_00189.jpg,1,100,142,253,RBC
BCCD\JPEGImages\BloodImage_00189.jpg,506,606,21,132,RBC
BCCD\JPEGImages\BloodImage_00189.jpg,566,640,392,480,RBC
BCCD\JPEGImages\BloodImage_00189.jpg,188,387,165,340,WBC
BCCD\JPEGImages\BloodImage_00189.jpg,100,206,198,282,RBC
BCCD\JPEGImages\BloodImage_00189.jpg,139,265,304,413,RBC
BCCD\JPEGImages\BloodImage_00195.jpg,142,258,354,447,RBC
BCCD\JPEGImages\BloodImage_00195.jpg,27,138,373,463,RBC
BCCD\JPEGImages\BloodImage_00195.jpg,208,324,90,183,RBC
BCCD\JPEGImages\BloodImage_00195.jpg,387,504,41,149,RBC
BCCD\JPEGImages\BloodImage_00195.jpg,417,510,154,263,RBC
BCCD\JPEGImages\BloodImage_00195.jpg,553,640,228,355,RBC
BCCD\JPEGImages\BloodImage_00195.jpg,140,238,194,296,RBC
BCCD\JPEGImages\BloodImage_00195.jpg,239,337,284,386,RBC
BCCD\JPEGImages\BloodImage_00195.jpg,53,153,305,395,RBC
BCCD\JPEGImages\BloodImage_00195.jpg,273,386,20,140,RBC
BCCD\JPEGImages\BloodImage_00195.jpg,337,469,269,402,WBC
BCCD\JPEGImages\BloodImage_00195.jpg,134,167,194,227,Platelets
BCCD\JPEGImages\BloodImage_00195.jpg,555,640,89,213,WBC
BCCD\JPEGImages\BloodImage_00200.jpg,115,237,1,97,RBC
BCCD\JPEGImages\BloodImage_00200.jpg,138,254,400,480,RBC
BCCD\JPEGImages\BloodImage_00200.jpg,547,640,242,347,RBC
BCCD\JPEGImages\BloodImage_00200.jpg,1,119,107,190,RBC
BCCD\JPEGImages\BloodImage_00200.jpg,183,305,134,231,RBC
BCCD\JPEGImages\BloodImage_00200.jpg,64,186,324,421,RBC
BCCD\JPEGImages\BloodImage_00200.jpg,248,362,307,410,RBC
BCCD\JPEGImages\BloodImage_00200.jpg,494,613,22,140,RBC
BCCD\JPEGImages\BloodImage_00200.jpg,548,636,111,208,RBC
BCCD\JPEGImages\BloodImage_00200.jpg,263,299,89,126,Platelets
BCCD\JPEGImages\BloodImage_00200.jpg,345,553,264,446,WBC
BCCD\JPEGImages\BloodImage_00205.jpg,157,250,140,245,RBC
BCCD\JPEGImages\BloodImage_00205.jpg,1,93,209,314,RBC
BCCD\JPEGImages\BloodImage_00205.jpg,73,168,299,415,RBC
BCCD\JPEGImages\BloodImage_00205.jpg,359,454,352,448,RBC
BCCD\JPEGImages\BloodImage_00205.jpg,379,473,133,247,RBC
BCCD\JPEGImages\BloodImage_00205.jpg,280,376,122,229,RBC
BCCD\JPEGImages\BloodImage_00205.jpg,348,450,229,337,RBC
BCCD\JPEGImages\BloodImage_00205.jpg,416,518,234,342,RBC
BCCD\JPEGImages\BloodImage_00205.jpg,447,549,365,473,RBC
BCCD\JPEGImages\BloodImage_00205.jpg,316,416,1,64,RBC
BCCD\JPEGImages\BloodImage_00205.jpg,26,133,58,166,RBC
BCCD\JPEGImages\BloodImage_00205.jpg,423,524,1,81,RBC
BCCD\JPEGImages\BloodImage_00205.jpg,498,600,1,66,RBC
BCCD\JPEGImages\BloodImage_00205.jpg,150,337,238,426,WBC
BCCD\JPEGImages\BloodImage_00210.jpg,300,423,67,169,RBC
BCCD\JPEGImages\BloodImage_00210.jpg,466,589,85,187,RBC
BCCD\JPEGImages\BloodImage_00210.jpg,458,581,145,247,RBC
BCCD\JPEGImages\BloodImage_00210.jpg,414,536,260,345,RBC
BCCD\JPEGImages\BloodImage_00210.jpg,188,284,193,298,RBC
BCCD\JPEGImages\BloodImage_00210.jpg,88,184,236,341,RBC
BCCD\JPEGImages\BloodImage_00210.jpg,28,124,48,153,RBC
BCCD\JPEGImages\BloodImage_00210.jpg,228,331,397,480,RBC
BCCD\JPEGImages\BloodImage_00210.jpg,201,303,102,193,RBC
BCCD\JPEGImages\BloodImage_00210.jpg,283,390,279,380,RBC
BCCD\JPEGImages\BloodImage_00210.jpg,559,640,330,444,RBC
BCCD\JPEGImages\BloodImage_00210.jpg,2,112,359,463,RBC
BCCD\JPEGImages\BloodImage_00210.jpg,343,558,335,479,WBC
BCCD\JPEGImages\BloodImage_00216.jpg,192,292,376,473,RBC
BCCD\JPEGImages\BloodImage_00216.jpg,301,419,320,424,RBC
BCCD\JPEGImages\BloodImage_00216.jpg,433,510,273,358,RBC
BCCD\JPEGImages\BloodImage_00216.jpg,434,528,368,454,RBC
BCCD\JPEGImages\BloodImage_00216.jpg,507,574,381,454,RBC
BCCD\JPEGImages\BloodImage_00216.jpg,554,640,297,401,RBC
BCCD\JPEGImages\BloodImage_00216.jpg,115,210,166,275,RBC
BCCD\JPEGImages\BloodImage_00216.jpg,9,104,330,439,RBC
BCCD\JPEGImages\BloodImage_00216.jpg,23,121,254,356,RBC
BCCD\JPEGImages\BloodImage_00216.jpg,129,234,275,370,RBC
BCCD\JPEGImages\BloodImage_00216.jpg,96,186,337,415,RBC
BCCD\JPEGImages\BloodImage_00216.jpg,169,264,110,219,RBC
BCCD\JPEGImages\BloodImage_00216.jpg,320,426,1,108,RBC
BCCD\JPEGImages\BloodImage_00216.jpg,531,624,48,164,RBC
BCCD\JPEGImages\BloodImage_00216.jpg,79,203,26,134,RBC
BCCD\JPEGImages\BloodImage_00216.jpg,274,473,101,334,WBC
BCCD\JPEGImages\BloodImage_00221.jpg,156,261,369,461,RBC
BCCD\JPEGImages\BloodImage_00221.jpg,516,632,213,319,RBC
BCCD\JPEGImages\BloodImage_00221.jpg,534,640,323,433,RBC
BCCD\JPEGImages\BloodImage_00221.jpg,457,563,290,400,RBC
BCCD\JPEGImages\BloodImage_00221.jpg,362,484,336,444,RBC
BCCD\JPEGImages\BloodImage_00221.jpg,114,222,107,214,RBC
BCCD\JPEGImages\BloodImage_00221.jpg,97,208,215,340,RBC
BCCD\JPEGImages\BloodImage_00221.jpg,401,508,1,113,RBC
BCCD\JPEGImages\BloodImage_00221.jpg,136,238,1,71,RBC
BCCD\JPEGImages\BloodImage_00221.jpg,201,331,38,155,RBC
BCCD\JPEGImages\BloodImage_00221.jpg,272,473,137,354,WBC
BCCD\JPEGImages\BloodImage_00221.jpg,181,219,287,332,Platelets
BCCD\JPEGImages\BloodImage_00226.jpg,51,138,159,267,RBC
BCCD\JPEGImages\BloodImage_00226.jpg,210,332,274,382,RBC
BCCD\JPEGImages\BloodImage_00226.jpg,515,605,186,288,RBC
BCCD\JPEGImages\BloodImage_00226.jpg,423,528,161,265,RBC
BCCD\JPEGImages\BloodImage_00226.jpg,359,480,377,480,RBC
BCCD\JPEGImages\BloodImage_00226.jpg,254,378,409,480,RBC
BCCD\JPEGImages\BloodImage_00226.jpg,146,237,409,480,RBC
BCCD\JPEGImages\BloodImage_00226.jpg,69,148,424,480,RBC
BCCD\JPEGImages\BloodImage_00226.jpg,115,210,89,172,RBC
BCCD\JPEGImages\BloodImage_00226.jpg,209,319,1,83,RBC
BCCD\JPEGImages\BloodImage_00226.jpg,101,204,1,70,RBC
BCCD\JPEGImages\BloodImage_00226.jpg,355,458,1,70,RBC
BCCD\JPEGImages\BloodImage_00226.jpg,498,580,357,455,RBC
BCCD\JPEGImages\BloodImage_00226.jpg,384,478,286,378,RBC
BCCD\JPEGImages\BloodImage_00226.jpg,476,579,84,181,RBC
BCCD\JPEGImages\BloodImage_00226.jpg,210,390,79,268,WBC
BCCD\JPEGImages\BloodImage_00226.jpg,26,96,277,340,Platelets
BCCD\JPEGImages\BloodImage_00231.jpg,408,536,135,250,RBC
BCCD\JPEGImages\BloodImage_00231.jpg,239,361,38,125,RBC
BCCD\JPEGImages\BloodImage_00231.jpg,371,488,23,136,RBC
BCCD\JPEGImages\BloodImage_00231.jpg,484,601,21,134,RBC
BCCD\JPEGImages\BloodImage_00231.jpg,107,197,238,355,RBC
BCCD\JPEGImages\BloodImage_00231.jpg,1,92,137,235,RBC
BCCD\JPEGImages\BloodImage_00231.jpg,582,640,232,326,RBC
BCCD\JPEGImages\BloodImage_00231.jpg,72,177,1,86,RBC
BCCD\JPEGImages\BloodImage_00231.jpg,172,406,209,427,WBC
BCCD\JPEGImages\BloodImage_00236.jpg,514,633,187,293,RBC
BCCD\JPEGImages\BloodImage_00236.jpg,381,486,53,191,RBC
BCCD\JPEGImages\BloodImage_00236.jpg,222,354,16,137,RBC
BCCD\JPEGImages\BloodImage_00236.jpg,51,126,140,221,RBC
BCCD\JPEGImages\BloodImage_00236.jpg,1,63,100,208,RBC
BCCD\JPEGImages\BloodImage_00236.jpg,406,518,208,313,RBC
BCCD\JPEGImages\BloodImage_00236.jpg,100,131,415,445,Platelets
BCCD\JPEGImages\BloodImage_00236.jpg,190,434,211,434,WBC
BCCD\JPEGImages\BloodImage_00236.jpg,577,618,417,455,Platelets
BCCD\JPEGImages\BloodImage_00242.jpg,331,425,110,199,RBC
BCCD\JPEGImages\BloodImage_00242.jpg,212,325,318,433,RBC
BCCD\JPEGImages\BloodImage_00242.jpg,138,262,54,177,RBC
BCCD\JPEGImages\BloodImage_00242.jpg,101,180,16,87,RBC
BCCD\JPEGImages\BloodImage_00242.jpg,276,380,14,122,RBC
BCCD\JPEGImages\BloodImage_00242.jpg,444,534,96,189,RBC
BCCD\JPEGImages\BloodImage_00242.jpg,531,640,309,415,RBC
BCCD\JPEGImages\BloodImage_00242.jpg,559,640,212,311,RBC
BCCD\JPEGImages\BloodImage_00242.jpg,463,556,228,323,RBC
BCCD\JPEGImages\BloodImage_00242.jpg,539,639,107,202,RBC
BCCD\JPEGImages\BloodImage_00242.jpg,465,565,422,480,RBC
BCCD\JPEGImages\BloodImage_00242.jpg,445,547,317,415,RBC
BCCD\JPEGImages\BloodImage_00242.jpg,1,99,158,273,RBC
BCCD\JPEGImages\BloodImage_00242.jpg,290,392,154,258,RBC
BCCD\JPEGImages\BloodImage_00242.jpg,17,242,184,398,WBC
BCCD\JPEGImages\BloodImage_00242.jpg,245,286,121,158,Platelets
BCCD\JPEGImages\BloodImage_00247.jpg,374,479,16,112,RBC
BCCD\JPEGImages\BloodImage_00247.jpg,479,584,22,118,RBC
BCCD\JPEGImages\BloodImage_00247.jpg,381,486,144,240,RBC
BCCD\JPEGImages\BloodImage_00247.jpg,214,327,333,438,RBC
BCCD\JPEGImages\BloodImage_00247.jpg,139,258,227,349,RBC
BCCD\JPEGImages\BloodImage_00247.jpg,137,232,58,158,RBC
BCCD\JPEGImages\BloodImage_00247.jpg,439,558,341,463,RBC
BCCD\JPEGImages\BloodImage_00247.jpg,387,489,413,479,RBC
BCCD\JPEGImages\BloodImage_00247.jpg,510,629,220,300,RBC
BCCD\JPEGImages\BloodImage_00247.jpg,13,130,27,154,RBC
BCCD\JPEGImages\BloodImage_00247.jpg,228,318,1,82,RBC
BCCD\JPEGImages\BloodImage_00247.jpg,148,266,322,413,RBC
BCCD\JPEGImages\BloodImage_00247.jpg,336,444,321,434,RBC
BCCD\JPEGImages\BloodImage_00247.jpg,184,388,85,295,WBC
BCCD\JPEGImages\BloodImage_00252.jpg,177,278,48,147,RBC
BCCD\JPEGImages\BloodImage_00252.jpg,65,166,355,454,RBC
BCCD\JPEGImages\BloodImage_00252.jpg,564,640,395,480,RBC
BCCD\JPEGImages\BloodImage_00252.jpg,472,582,315,423,RBC
BCCD\JPEGImages\BloodImage_00252.jpg,156,279,380,480,RBC
BCCD\JPEGImages\BloodImage_00252.jpg,296,394,50,148,RBC
BCCD\JPEGImages\BloodImage_00252.jpg,456,569,21,116,RBC
BCCD\JPEGImages\BloodImage_00252.jpg,55,174,1,99,RBC
BCCD\JPEGImages\BloodImage_00252.jpg,61,138,295,363,RBC
BCCD\JPEGImages\BloodImage_00252.jpg,161,399,181,404,WBC
BCCD\JPEGImages\BloodImage_00257.jpg,426,542,353,456,RBC
BCCD\JPEGImages\BloodImage_00257.jpg,254,370,377,480,RBC
BCCD\JPEGImages\BloodImage_00257.jpg,118,253,290,395,RBC
BCCD\JPEGImages\BloodImage_00257.jpg,106,193,198,287,RBC
BCCD\JPEGImages\BloodImage_00257.jpg,174,281,1,77,RBC
BCCD\JPEGImages\BloodImage_00257.jpg,429,530,78,179,RBC
BCCD\JPEGImages\BloodImage_00257.jpg,539,640,295,396,RBC
BCCD\JPEGImages\BloodImage_00257.jpg,174,385,99,306,WBC
BCCD\JPEGImages\BloodImage_00262.jpg,524,640,279,385,RBC
BCCD\JPEGImages\BloodImage_00262.jpg,419,530,252,354,RBC
BCCD\JPEGImages\BloodImage_00262.jpg,542,640,134,242,RBC
BCCD\JPEGImages\BloodImage_00262.jpg,1,56,202,305,RBC
BCCD\JPEGImages\BloodImage_00262.jpg,214,325,148,262,RBC
BCCD\JPEGImages\BloodImage_00262.jpg,293,426,62,180,RBC
BCCD\JPEGImages\BloodImage_00262.jpg,448,553,394,480,RBC
BCCD\JPEGImages\BloodImage_00262.jpg,429,531,75,183,RBC
BCCD\JPEGImages\BloodImage_00262.jpg,104,218,221,331,RBC
BCCD\JPEGImages\BloodImage_00262.jpg,170,454,268,480,WBC
BCCD\JPEGImages\BloodImage_00267.jpg,87,298,112,298,WBC
BCCD\JPEGImages\BloodImage_00267.jpg,62,101,26,73,Platelets
BCCD\JPEGImages\BloodImage_00267.jpg,15,53,309,350,Platelets
BCCD\JPEGImages\BloodImage_00267.jpg,1,38,349,381,Platelets
BCCD\JPEGImages\BloodImage_00272.jpg,37,137,402,480,RBC
BCCD\JPEGImages\BloodImage_00272.jpg,35,141,46,147,RBC
BCCD\JPEGImages\BloodImage_00272.jpg,98,194,125,248,RBC
BCCD\JPEGImages\BloodImage_00272.jpg,184,259,184,308,RBC
BCCD\JPEGImages\BloodImage_00272.jpg,191,297,66,167,RBC
BCCD\JPEGImages\BloodImage_00272.jpg,284,408,83,182,RBC
BCCD\JPEGImages\BloodImage_00272.jpg,265,390,1,93,RBC
BCCD\JPEGImages\BloodImage_00272.jpg,261,398,191,315,RBC
BCCD\JPEGImages\BloodImage_00272.jpg,449,546,67,161,RBC
BCCD\JPEGImages\BloodImage_00272.jpg,515,612,259,353,RBC
BCCD\JPEGImages\BloodImage_00272.jpg,251,356,379,477,RBC
BCCD\JPEGImages\BloodImage_00272.jpg,388,494,347,454,RBC
BCCD\JPEGImages\BloodImage_00272.jpg,543,634,92,180,RBC
BCCD\JPEGImages\BloodImage_00272.jpg,1,122,217,408,WBC
BCCD\JPEGImages\BloodImage_00277.jpg,74,179,301,404,RBC
BCCD\JPEGImages\BloodImage_00277.jpg,204,283,332,402,RBC
BCCD\JPEGImages\BloodImage_00277.jpg,1,69,259,369,RBC
BCCD\JPEGImages\BloodImage_00277.jpg,215,308,134,215,RBC
BCCD\JPEGImages\BloodImage_00277.jpg,364,472,1,83,RBC
BCCD\JPEGImages\BloodImage_00277.jpg,108,210,77,184,RBC
BCCD\JPEGImages\BloodImage_00277.jpg,472,610,1,95,RBC
BCCD\JPEGImages\BloodImage_00277.jpg,506,606,359,462,RBC
BCCD\JPEGImages\BloodImage_00277.jpg,558,640,216,340,RBC
BCCD\JPEGImages\BloodImage_00277.jpg,225,313,404,480,RBC
BCCD\JPEGImages\BloodImage_00277.jpg,532,640,108,213,RBC
BCCD\JPEGImages\BloodImage_00277.jpg,137,262,1,98,RBC
BCCD\JPEGImages\BloodImage_00277.jpg,361,486,348,446,RBC
BCCD\JPEGImages\BloodImage_00277.jpg,66,110,424,468,Platelets
BCCD\JPEGImages\BloodImage_00277.jpg,337,492,185,372,WBC
BCCD\JPEGImages\BloodImage_00277.jpg,51,100,176,211,Platelets
BCCD\JPEGImages\BloodImage_00283.jpg,381,494,274,367,RBC
BCCD\JPEGImages\BloodImage_00283.jpg,435,554,156,274,RBC
BCCD\JPEGImages\BloodImage_00283.jpg,347,455,96,204,RBC
BCCD\JPEGImages\BloodImage_00283.jpg,282,386,150,243,RBC
BCCD\JPEGImages\BloodImage_00283.jpg,343,447,1,93,RBC
BCCD\JPEGImages\BloodImage_00283.jpg,355,466,379,480,RBC
BCCD\JPEGImages\BloodImage_00283.jpg,220,330,407,480,RBC
BCCD\JPEGImages\BloodImage_00283.jpg,448,560,1,107,RBC
BCCD\JPEGImages\BloodImage_00283.jpg,547,640,334,442,RBC
BCCD\JPEGImages\BloodImage_00283.jpg,173,266,63,171,RBC
BCCD\JPEGImages\BloodImage_00283.jpg,54,147,73,181,RBC
BCCD\JPEGImages\BloodImage_00283.jpg,10,103,126,234,RBC
BCCD\JPEGImages\BloodImage_00283.jpg,28,255,223,407,WBC
BCCD\JPEGImages\BloodImage_00289.jpg,180,273,281,386,RBC
BCCD\JPEGImages\BloodImage_00289.jpg,246,339,343,448,RBC
BCCD\JPEGImages\BloodImage_00289.jpg,432,551,257,361,RBC
BCCD\JPEGImages\BloodImage_00289.jpg,521,640,203,307,RBC
BCCD\JPEGImages\BloodImage_00289.jpg,535,640,101,206,RBC
BCCD\JPEGImages\BloodImage_00289.jpg,332,443,279,402,RBC
BCCD\JPEGImages\BloodImage_00289.jpg,162,280,1,102,RBC
BCCD\JPEGImages\BloodImage_00289.jpg,55,173,66,168,RBC
BCCD\JPEGImages\BloodImage_00289.jpg,140,258,163,265,RBC
BCCD\JPEGImages\BloodImage_00289.jpg,1,117,270,372,RBC
BCCD\JPEGImages\BloodImage_00289.jpg,251,482,55,288,WBC
BCCD\JPEGImages\BloodImage_00294.jpg,463,558,73,188,RBC
BCCD\JPEGImages\BloodImage_00294.jpg,292,387,75,190,RBC
BCCD\JPEGImages\BloodImage_00294.jpg,202,330,11,115,RBC
BCCD\JPEGImages\BloodImage_00294.jpg,115,215,18,108,RBC
BCCD\JPEGImages\BloodImage_00294.jpg,71,171,101,191,RBC
BCCD\JPEGImages\BloodImage_00294.jpg,162,262,109,199,RBC
BCCD\JPEGImages\BloodImage_00294.jpg,106,209,189,293,RBC
BCCD\JPEGImages\BloodImage_00294.jpg,159,262,348,452,RBC
BCCD\JPEGImages\BloodImage_00294.jpg,205,308,195,299,RBC
BCCD\JPEGImages\BloodImage_00294.jpg,383,543,376,472,RBC
BCCD\JPEGImages\BloodImage_00294.jpg,334,525,169,384,WBC
BCCD\JPEGImages\BloodImage_00299.jpg,480,587,301,409,RBC
BCCD\JPEGImages\BloodImage_00299.jpg,204,311,82,190,RBC
BCCD\JPEGImages\BloodImage_00299.jpg,33,140,79,187,RBC
BCCD\JPEGImages\BloodImage_00299.jpg,102,233,9,140,RBC
BCCD\JPEGImages\BloodImage_00299.jpg,402,514,212,308,RBC
BCCD\JPEGImages\BloodImage_00299.jpg,9,115,359,449,RBC
BCCD\JPEGImages\BloodImage_00299.jpg,1,102,299,410,RBC
BCCD\JPEGImages\BloodImage_00299.jpg,424,526,35,122,RBC
BCCD\JPEGImages\BloodImage_00299.jpg,176,408,260,479,WBC
BCCD\JPEGImages\BloodImage_00304.jpg,73,181,30,134,RBC
BCCD\JPEGImages\BloodImage_00304.jpg,41,147,133,254,RBC
BCCD\JPEGImages\BloodImage_00304.jpg,260,366,321,442,RBC
BCCD\JPEGImages\BloodImage_00304.jpg,107,209,360,449,RBC
BCCD\JPEGImages\BloodImage_00304.jpg,146,248,372,461,RBC
BCCD\JPEGImages\BloodImage_00304.jpg,1,79,267,371,RBC
BCCD\JPEGImages\BloodImage_00304.jpg,366,458,254,350,RBC
BCCD\JPEGImages\BloodImage_00304.jpg,406,513,139,235,RBC
BCCD\JPEGImages\BloodImage_00304.jpg,431,538,1,96,RBC
BCCD\JPEGImages\BloodImage_00304.jpg,279,386,26,122,RBC
BCCD\JPEGImages\BloodImage_00304.jpg,488,600,53,162,RBC
BCCD\JPEGImages\BloodImage_00304.jpg,170,393,122,327,WBC
BCCD\JPEGImages\BloodImage_00310.jpg,20,137,314,432,RBC
BCCD\JPEGImages\BloodImage_00310.jpg,294,389,70,173,RBC
BCCD\JPEGImages\BloodImage_00310.jpg,168,291,18,112,RBC
BCCD\JPEGImages\BloodImage_00310.jpg,378,485,53,149,RBC
BCCD\JPEGImages\BloodImage_00310.jpg,357,464,383,479,RBC
BCCD\JPEGImages\BloodImage_00310.jpg,388,495,214,310,RBC
BCCD\JPEGImages\BloodImage_00310.jpg,383,490,166,262,RBC
BCCD\JPEGImages\BloodImage_00310.jpg,504,613,66,195,RBC
BCCD\JPEGImages\BloodImage_00310.jpg,108,202,28,134,RBC
BCCD\JPEGImages\BloodImage_00310.jpg,181,275,343,449,RBC
BCCD\JPEGImages\BloodImage_00310.jpg,435,550,310,414,RBC
BCCD\JPEGImages\BloodImage_00310.jpg,346,383,313,344,Platelets
BCCD\JPEGImages\BloodImage_00310.jpg,304,340,368,406,Platelets
BCCD\JPEGImages\BloodImage_00310.jpg,70,112,91,132,Platelets
BCCD\JPEGImages\BloodImage_00310.jpg,59,287,127,359,WBC
BCCD\JPEGImages\BloodImage_00315.jpg,164,297,261,364,RBC
BCCD\JPEGImages\BloodImage_00315.jpg,15,148,66,169,RBC
BCCD\JPEGImages\BloodImage_00315.jpg,13,132,234,333,RBC
BCCD\JPEGImages\BloodImage_00315.jpg,239,354,3,107,RBC
BCCD\JPEGImages\BloodImage_00315.jpg,542,640,109,214,RBC
BCCD\JPEGImages\BloodImage_00315.jpg,441,539,293,398,RBC
BCCD\JPEGImages\BloodImage_00315.jpg,273,383,198,309,RBC
BCCD\JPEGImages\BloodImage_00315.jpg,148,277,129,251,RBC
BCCD\JPEGImages\BloodImage_00315.jpg,363,466,69,160,RBC
BCCD\JPEGImages\BloodImage_00315.jpg,382,469,190,296,RBC
BCCD\JPEGImages\BloodImage_00315.jpg,250,487,343,480,WBC
BCCD\JPEGImages\BloodImage_00315.jpg,567,619,234,277,Platelets
BCCD\JPEGImages\BloodImage_00322.jpg,168,198,374,406,Platelets
BCCD\JPEGImages\BloodImage_00322.jpg,527,564,244,282,Platelets
BCCD\JPEGImages\BloodImage_00322.jpg,565,602,383,421,Platelets
BCCD\JPEGImages\BloodImage_00322.jpg,307,528,174,387,WBC
BCCD\JPEGImages\BloodImage_00327.jpg,106,146,109,139,Platelets
BCCD\JPEGImages\BloodImage_00327.jpg,331,379,102,142,Platelets
BCCD\JPEGImages\BloodImage_00334.jpg,201,295,300,392,RBC
BCCD\JPEGImages\BloodImage_00334.jpg,301,382,346,439,RBC
BCCD\JPEGImages\BloodImage_00334.jpg,535,640,199,312,RBC
BCCD\JPEGImages\BloodImage_00334.jpg,131,272,100,213,RBC
BCCD\JPEGImages\BloodImage_00334.jpg,35,167,254,368,RBC
BCCD\JPEGImages\BloodImage_00334.jpg,493,610,385,480,RBC
BCCD\JPEGImages\BloodImage_00334.jpg,313,445,31,125,RBC
BCCD\JPEGImages\BloodImage_00334.jpg,104,211,383,480,RBC
BCCD\JPEGImages\BloodImage_00334.jpg,472,580,114,213,RBC
BCCD\JPEGImages\BloodImage_00334.jpg,548,640,310,411,RBC
BCCD\JPEGImages\BloodImage_00334.jpg,236,453,126,355,WBC
BCCD\JPEGImages\BloodImage_00339.jpg,378,489,278,374,RBC
BCCD\JPEGImages\BloodImage_00339.jpg,448,580,67,177,RBC
BCCD\JPEGImages\BloodImage_00339.jpg,308,409,23,145,RBC
BCCD\JPEGImages\BloodImage_00339.jpg,10,117,220,337,RBC
BCCD\JPEGImages\BloodImage_00339.jpg,65,181,190,319,RBC
BCCD\JPEGImages\BloodImage_00339.jpg,171,279,66,185,RBC
BCCD\JPEGImages\BloodImage_00339.jpg,136,259,329,442,RBC
BCCD\JPEGImages\BloodImage_00339.jpg,229,350,322,414,RBC
BCCD\JPEGImages\BloodImage_00339.jpg,25,160,368,477,RBC
BCCD\JPEGImages\BloodImage_00339.jpg,370,489,382,477,RBC
BCCD\JPEGImages\BloodImage_00339.jpg,525,638,8,93,RBC
BCCD\JPEGImages\BloodImage_00339.jpg,20,141,28,147,RBC
BCCD\JPEGImages\BloodImage_00339.jpg,510,608,259,359,RBC
BCCD\JPEGImages\BloodImage_00339.jpg,566,640,152,265,RBC
BCCD\JPEGImages\BloodImage_00339.jpg,424,581,163,278,RBC
BCCD\JPEGImages\BloodImage_00339.jpg,185,447,127,338,WBC
BCCD\JPEGImages\BloodImage_00339.jpg,320,360,398,443,Platelets
BCCD\JPEGImages\BloodImage_00339.jpg,127,183,79,128,Platelets
BCCD\JPEGImages\BloodImage_00344.jpg,529,618,174,260,RBC
BCCD\JPEGImages\BloodImage_00344.jpg,347,449,290,407,RBC
BCCD\JPEGImages\BloodImage_00344.jpg,4,100,347,437,RBC
BCCD\JPEGImages\BloodImage_00344.jpg,383,516,413,478,RBC
BCCD\JPEGImages\BloodImage_00344.jpg,254,372,391,480,RBC
BCCD\JPEGImages\BloodImage_00344.jpg,246,353,297,401,RBC
BCCD\JPEGImages\BloodImage_00344.jpg,347,483,1,104,RBC
BCCD\JPEGImages\BloodImage_00344.jpg,505,616,362,455,RBC
BCCD\JPEGImages\BloodImage_00344.jpg,41,129,12,149,RBC
BCCD\JPEGImages\BloodImage_00344.jpg,318,441,117,213,RBC
BCCD\JPEGImages\BloodImage_00344.jpg,30,147,236,329,RBC
BCCD\JPEGImages\BloodImage_00344.jpg,84,192,321,413,RBC
BCCD\JPEGImages\BloodImage_00344.jpg,28,81,183,226,Platelets
BCCD\JPEGImages\BloodImage_00344.jpg,74,336,108,359,WBC
BCCD\JPEGImages\BloodImage_00349.jpg,400,497,48,176,RBC
BCCD\JPEGImages\BloodImage_00349.jpg,520,621,188,293,RBC
BCCD\JPEGImages\BloodImage_00349.jpg,470,577,1,88,RBC
BCCD\JPEGImages\BloodImage_00349.jpg,139,247,179,275,RBC
BCCD\JPEGImages\BloodImage_00349.jpg,194,303,348,462,RBC
BCCD\JPEGImages\BloodImage_00349.jpg,344,446,362,454,RBC
BCCD\JPEGImages\BloodImage_00349.jpg,134,242,270,366,RBC
BCCD\JPEGImages\BloodImage_00349.jpg,100,211,363,479,RBC
BCCD\JPEGImages\BloodImage_00349.jpg,252,363,116,190,RBC
BCCD\JPEGImages\BloodImage_00349.jpg,234,299,1,115,RBC
BCCD\JPEGImages\BloodImage_00349.jpg,512,604,80,170,RBC
BCCD\JPEGImages\BloodImage_00349.jpg,452,547,350,448,RBC
BCCD\JPEGImages\BloodImage_00349.jpg,1,92,241,346,RBC
BCCD\JPEGImages\BloodImage_00349.jpg,202,419,181,392,WBC
BCCD\JPEGImages\BloodImage_00354.jpg,369,470,40,152,RBC
BCCD\JPEGImages\BloodImage_00354.jpg,473,574,156,268,RBC
BCCD\JPEGImages\BloodImage_00354.jpg,446,569,278,386,RBC
BCCD\JPEGImages\BloodImage_00354.jpg,534,640,364,462,RBC
BCCD\JPEGImages\BloodImage_00354.jpg,405,511,371,480,RBC
BCCD\JPEGImages\BloodImage_00354.jpg,559,640,97,204,RBC
BCCD\JPEGImages\BloodImage_00354.jpg,469,562,1,89,RBC
BCCD\JPEGImages\BloodImage_00354.jpg,277,352,343,453,RBC
BCCD\JPEGImages\BloodImage_00354.jpg,209,329,352,443,RBC
BCCD\JPEGImages\BloodImage_00354.jpg,96,201,345,455,RBC
BCCD\JPEGImages\BloodImage_00354.jpg,374,465,143,225,RBC
BCCD\JPEGImages\BloodImage_00354.jpg,183,283,27,120,RBC
BCCD\JPEGImages\BloodImage_00354.jpg,41,141,201,294,RBC
BCCD\JPEGImages\BloodImage_00354.jpg,106,203,10,119,RBC
BCCD\JPEGImages\BloodImage_00354.jpg,26,139,94,209,RBC
BCCD\JPEGImages\BloodImage_00354.jpg,117,361,138,377,WBC
BCCD\JPEGImages\BloodImage_00360.jpg,42,140,242,361,RBC
BCCD\JPEGImages\BloodImage_00360.jpg,54,152,56,175,RBC
BCCD\JPEGImages\BloodImage_00360.jpg,146,244,265,384,RBC
BCCD\JPEGImages\BloodImage_00360.jpg,449,560,311,428,RBC
BCCD\JPEGImages\BloodImage_00360.jpg,200,304,142,253,RBC
BCCD\JPEGImages\BloodImage_00360.jpg,205,313,59,147,RBC
BCCD\JPEGImages\BloodImage_00360.jpg,529,628,238,331,RBC
BCCD\JPEGImages\BloodImage_00360.jpg,220,334,377,479,RBC
BCCD\JPEGImages\BloodImage_00360.jpg,133,232,394,480,RBC
BCCD\JPEGImages\BloodImage_00360.jpg,329,456,129,224,RBC
BCCD\JPEGImages\BloodImage_00360.jpg,291,400,1,84,RBC
BCCD\JPEGImages\BloodImage_00360.jpg,246,477,211,415,WBC
BCCD\JPEGImages\BloodImage_00360.jpg,564,596,333,372,Platelets
BCCD\JPEGImages\BloodImage_00366.jpg,343,454,130,231,RBC
BCCD\JPEGImages\BloodImage_00366.jpg,329,440,262,363,RBC
BCCD\JPEGImages\BloodImage_00366.jpg,365,476,354,455,RBC
BCCD\JPEGImages\BloodImage_00366.jpg,143,254,75,176,RBC
BCCD\JPEGImages\BloodImage_00366.jpg,72,153,18,99,RBC
BCCD\JPEGImages\BloodImage_00366.jpg,142,243,250,349,RBC
BCCD\JPEGImages\BloodImage_00366.jpg,67,168,271,370,RBC
BCCD\JPEGImages\BloodImage_00366.jpg,130,235,348,440,RBC
BCCD\JPEGImages\BloodImage_00366.jpg,469,574,81,173,RBC
BCCD\JPEGImages\BloodImage_00366.jpg,444,566,254,355,RBC
BCCD\JPEGImages\BloodImage_00366.jpg,535,640,162,284,RBC
BCCD\JPEGImages\BloodImage_00366.jpg,348,453,7,99,RBC
BCCD\JPEGImages\BloodImage_00366.jpg,388,493,18,110,RBC
BCCD\JPEGImages\BloodImage_00366.jpg,529,634,327,419,RBC
BCCD\JPEGImages\BloodImage_00366.jpg,1,147,81,294,WBC
BCCD\JPEGImages\BloodImage_00366.jpg,174,212,203,250,Platelets
BCCD\JPEGImages\BloodImage_00371.jpg,39,140,369,467,RBC
BCCD\JPEGImages\BloodImage_00371.jpg,12,109,284,380,RBC
BCCD\JPEGImages\BloodImage_00371.jpg,530,640,207,300,RBC
BCCD\JPEGImages\BloodImage_00371.jpg,298,400,249,368,RBC
BCCD\JPEGImages\BloodImage_00371.jpg,390,490,39,156,RBC
BCCD\JPEGImages\BloodImage_00371.jpg,79,179,11,105,RBC
BCCD\JPEGImages\BloodImage_00371.jpg,384,499,264,354,RBC
BCCD\JPEGImages\BloodImage_00371.jpg,10,111,83,182,RBC
BCCD\JPEGImages\BloodImage_00371.jpg,48,151,151,253,RBC
BCCD\JPEGImages\BloodImage_00371.jpg,173,272,275,373,RBC
BCCD\JPEGImages\BloodImage_00371.jpg,523,629,370,472,RBC
BCCD\JPEGImages\BloodImage_00371.jpg,182,278,10,94,RBC
BCCD\JPEGImages\BloodImage_00371.jpg,175,389,87,298,WBC
BCCD\JPEGImages\BloodImage_00377.jpg,448,566,244,350,RBC
BCCD\JPEGImages\BloodImage_00377.jpg,238,333,215,310,RBC
BCCD\JPEGImages\BloodImage_00377.jpg,15,103,280,406,RBC
BCCD\JPEGImages\BloodImage_00377.jpg,239,353,70,167,RBC
BCCD\JPEGImages\BloodImage_00377.jpg,467,590,13,126,RBC
BCCD\JPEGImages\BloodImage_00377.jpg,412,520,130,236,RBC
BCCD\JPEGImages\BloodImage_00377.jpg,329,447,137,254,RBC
BCCD\JPEGImages\BloodImage_00377.jpg,355,474,385,480,RBC
BCCD\JPEGImages\BloodImage_00377.jpg,340,442,259,359,RBC
BCCD\JPEGImages\BloodImage_00377.jpg,174,274,138,233,RBC
BCCD\JPEGImages\BloodImage_00377.jpg,98,196,47,164,RBC
BCCD\JPEGImages\BloodImage_00377.jpg,102,192,156,277,RBC
BCCD\JPEGImages\BloodImage_00377.jpg,161,271,1,77,RBC
BCCD\JPEGImages\BloodImage_00377.jpg,79,307,296,480,WBC
BCCD\JPEGImages\BloodImage_00377.jpg,536,574,102,140,Platelets
BCCD\JPEGImages\BloodImage_00377.jpg,507,543,120,155,Platelets
BCCD\JPEGImages\BloodImage_00383.jpg,64,174,264,351,RBC
BCCD\JPEGImages\BloodImage_00383.jpg,387,496,92,212,RBC
BCCD\JPEGImages\BloodImage_00383.jpg,522,631,208,328,RBC
BCCD\JPEGImages\BloodImage_00383.jpg,1,92,42,162,RBC
BCCD\JPEGImages\BloodImage_00383.jpg,76,193,67,183,RBC
BCCD\JPEGImages\BloodImage_00383.jpg,57,174,138,254,RBC
BCCD\JPEGImages\BloodImage_00383.jpg,1,104,346,454,RBC
BCCD\JPEGImages\BloodImage_00383.jpg,309,419,1,87,RBC
BCCD\JPEGImages\BloodImage_00383.jpg,19,70,226,272,Platelets
BCCD\JPEGImages\BloodImage_00383.jpg,182,232,213,253,Platelets
BCCD\JPEGImages\BloodImage_00383.jpg,31,73,1,28,Platelets
BCCD\JPEGImages\BloodImage_00383.jpg,225,531,217,480,WBC
BCCD\JPEGImages\BloodImage_00388.jpg,397,547,165,278,RBC
BCCD\JPEGImages\BloodImage_00388.jpg,352,483,269,395,RBC
BCCD\JPEGImages\BloodImage_00388.jpg,284,395,375,480,RBC
BCCD\JPEGImages\BloodImage_00388.jpg,184,289,316,434,RBC
BCCD\JPEGImages\BloodImage_00388.jpg,146,251,229,347,RBC
BCCD\JPEGImages\BloodImage_00388.jpg,52,150,278,395,RBC
BCCD\JPEGImages\BloodImage_00388.jpg,100,238,133,228,RBC
BCCD\JPEGImages\BloodImage_00388.jpg,204,300,55,157,RBC
BCCD\JPEGImages\BloodImage_00388.jpg,394,504,38,130,RBC
BCCD\JPEGImages\BloodImage_00388.jpg,450,557,411,480,RBC
BCCD\JPEGImages\BloodImage_00388.jpg,25,264,1,113,WBC
BCCD\JPEGImages\BloodImage_00393.jpg,398,519,290,416,RBC
BCCD\JPEGImages\BloodImage_00393.jpg,141,275,240,366,RBC
BCCD\JPEGImages\BloodImage_00393.jpg,1,120,189,278,RBC
BCCD\JPEGImages\BloodImage_00393.jpg,1,86,373,480,RBC
BCCD\JPEGImages\BloodImage_00393.jpg,125,247,15,124,RBC
BCCD\JPEGImages\BloodImage_00393.jpg,105,227,122,231,RBC
BCCD\JPEGImages\BloodImage_00393.jpg,276,388,394,479,RBC
BCCD\JPEGImages\BloodImage_00393.jpg,539,624,12,95,RBC
BCCD\JPEGImages\BloodImage_00393.jpg,354,485,20,134,RBC
BCCD\JPEGImages\BloodImage_00393.jpg,256,369,1,104,RBC
BCCD\JPEGImages\BloodImage_00393.jpg,321,431,271,378,RBC
BCCD\JPEGImages\BloodImage_00393.jpg,210,438,92,297,WBC
BCCD\JPEGImages\BloodImage_00400.jpg,462,597,368,462,RBC
BCCD\JPEGImages\BloodImage_00400.jpg,376,510,104,208,RBC
BCCD\JPEGImages\BloodImage_00400.jpg,219,347,224,315,RBC
BCCD\JPEGImages\BloodImage_00400.jpg,124,222,286,390,RBC
BCCD\JPEGImages\BloodImage_00400.jpg,69,174,393,479,RBC
BCCD\JPEGImages\BloodImage_00400.jpg,219,327,325,425,RBC
BCCD\JPEGImages\BloodImage_00400.jpg,293,416,291,409,RBC
BCCD\JPEGImages\BloodImage_00400.jpg,362,470,203,303,RBC
BCCD\JPEGImages\BloodImage_00400.jpg,35,131,1,115,RBC
BCCD\JPEGImages\BloodImage_00400.jpg,461,561,195,296,RBC
BCCD\JPEGImages\BloodImage_00400.jpg,374,482,1,100,RBC
BCCD\JPEGImages\BloodImage_00400.jpg,1,76,110,242,RBC
BCCD\JPEGImages\BloodImage_00400.jpg,117,355,18,235,WBC
BCCD\JPEGImages\BloodImage_00407.jpg,30,140,168,264,RBC
BCCD\JPEGImages\BloodImage_00407.jpg,12,109,35,133,RBC
BCCD\JPEGImages\BloodImage_00407.jpg,25,137,352,452,RBC
BCCD\JPEGImages\BloodImage_00407.jpg,109,221,318,418,RBC
BCCD\JPEGImages\BloodImage_00407.jpg,158,273,240,361,RBC
BCCD\JPEGImages\BloodImage_00407.jpg,248,345,346,441,RBC
BCCD\JPEGImages\BloodImage_00407.jpg,350,453,292,382,RBC
BCCD\JPEGImages\BloodImage_00407.jpg,329,451,58,168,RBC
BCCD\JPEGImages\BloodImage_00407.jpg,170,300,1,101,RBC
BCCD\JPEGImages\BloodImage_00407.jpg,168,277,110,203,RBC
BCCD\JPEGImages\BloodImage_00407.jpg,203,293,152,230,RBC
BCCD\JPEGImages\BloodImage_00407.jpg,388,538,1,76,RBC
BCCD\JPEGImages\BloodImage_00407.jpg,524,637,221,301,RBC
BCCD\JPEGImages\BloodImage_00407.jpg,470,553,122,205,RBC
BCCD\JPEGImages\BloodImage_00407.jpg,511,606,94,201,RBC
BCCD\JPEGImages\BloodImage_00407.jpg,472,640,290,474,WBC
BCCD\JPEGImages\BloodImage_00407.jpg,413,482,230,303,Platelets
BCCD\JPEGImages\BloodImage_00407.jpg,68,113,113,157,Platelets
BCCD\JPEGImages\BloodImage_00407.jpg,112,164,25,64,Platelets
